qid	theme	question	score	confidence	source	justification	fetch_paragraphs	best_score	evidence_1	evidence_2	evidence_3
1	Économie	Il faut réduire les impôts sur le travail et le capital, même si cela implique de réduire certaines dépenses publiques.	2	3	https://www.government.nl/site/binaries/site-content/collections/documents/2026/02/23/2026-2030-coalition-agreement-lets-get-to-work---building-a-better-netherlands/2026-2030-coalition-agreement-let%E2%80%99s-get-to-work-building-a-better-netherlands.pdf	Accord net : L’accord de coalition Jetten associe liberté d’entreprendre, responsabilité sociale, simplification et croissance durable, avec discipline budgétaire et investissements publics ciblés. Pour Pays-Bas, sur Q1 (« Il faut réduire les impôts sur le travail et le capital, même si cela implique de réduire certaines dépenses publiques. »), elle va clairement dans ce sens sans établir nécessairement chaque condition ou conséquence de l’énoncé : +2.	1313	0.0950	Geared towards private investment, the institution will aim to mobilise institutional capital without crowding out private capital.	Investment A national investment institution (NII) will be set up to strengthen the Dutch capital market.	We will make an additional capital contribution and also incorporate suretyships and guarantees.
2	Économie	Les inégalités économiques sont acceptables tant qu'elles résultent principalement du travail ou de la prise de risque.	1	1	https://www.government.nl/site/binaries/site-content/collections/documents/2026/02/23/2026-2030-coalition-agreement-lets-get-to-work---building-a-better-netherlands/2026-2030-coalition-agreement-let%E2%80%99s-get-to-work-building-a-better-netherlands.pdf	Accord modéré : L’accord de coalition Jetten associe liberté d’entreprendre, responsabilité sociale, simplification et croissance durable, avec discipline budgétaire et investissements publics ciblés. Pour Pays-Bas, sur Q2 (« Les inégalités économiques sont acceptables tant qu'elles résultent principalement du travail ou de la prise de risque. »), elle incline dans ce sens sans adopter toute la proposition : +1.	1313	0			
3	Économie	L'État devrait davantage taxer les hauts revenus et les gros patrimoines afin de réduire les inégalités.	-1	1	https://www.government.nl/site/binaries/site-content/collections/documents/2026/02/23/2026-2030-coalition-agreement-lets-get-to-work---building-a-better-netherlands/2026-2030-coalition-agreement-let%E2%80%99s-get-to-work-building-a-better-netherlands.pdf	Réserve modérée : L’accord de coalition Jetten associe liberté d’entreprendre, responsabilité sociale, simplification et croissance durable, avec discipline budgétaire et investissements publics ciblés. Pour Pays-Bas, sur Q3 (« L'État devrait davantage taxer les hauts revenus et les gros patrimoines afin de réduire les inégalités. »), elle incline plutôt en sens inverse sans constituer un rejet complet : -1.	1313	0			
5	Économie	Le salaire minimum devrait être augmenté significativement.	1	1	https://www.government.nl/site/binaries/site-content/collections/documents/2026/02/23/2026-2030-coalition-agreement-lets-get-to-work---building-a-better-netherlands/2026-2030-coalition-agreement-let%E2%80%99s-get-to-work-building-a-better-netherlands.pdf	Accord modéré : L’accord de coalition Jetten associe liberté d’entreprendre, responsabilité sociale, simplification et croissance durable, avec discipline budgétaire et investissements publics ciblés. Pour Pays-Bas, sur Q5 (« Le salaire minimum devrait être augmenté significativement. »), elle incline dans ce sens sans adopter toute la proposition : +1.	1313	0.1676	In three years’ time we will therefore raise the minimum age for sex work from 18 to 21.	Central government will set minimum requirements on the circumstances in which it should be possible to split, convert or upwardly extend properties.	Here is what we aim to do: • New policy in the European part of the Netherlands will, as a rule, be implemented in the Caribbean part of the Netherlands unless there are compelling reasons not to. • In the Caribbean part of the Netherlands we will work to develop a decent minimum income standard based on the recommendations of the Caribbean Netherlands Minimum Income Standard Committee (Thodé Committee).
6	Économie	Les entreprises privées sont généralement plus efficaces que l'État pour fournir des biens et services, même dans certains secteurs essentiels.	2	1	https://www.government.nl/site/binaries/site-content/collections/documents/2026/02/23/2026-2030-coalition-agreement-lets-get-to-work---building-a-better-netherlands/2026-2030-coalition-agreement-let%E2%80%99s-get-to-work-building-a-better-netherlands.pdf	Accord net : Le gouvernement Jetten veut simplifier les règles et réduire les obstacles à l’activité tout en maintenant un État social et des politiques publiques fortes. Pour Pays-Bas, sur Q6 (« Les entreprises privées sont généralement plus efficaces que l'État pour fournir des biens et services, même dans certains secteurs essentiels. »), elle va clairement dans ce sens sans établir nécessairement chaque condition ou conséquence de l’énoncé : +2.	1313	0.0681	We will therefore step up cooperation at European level in the area of intelligence and security services.	This contributes to economic growth, which is needed so that our public services can be paid for.	We are therefore working towards a rail and public transport network in which access to services is central.
7	Économie	L'État devrait pouvoir nationaliser temporairement ou durablement une entreprise privée lorsqu'elle contrôle une activité stratégique pour le pays.	1	1	https://www.government.nl/site/binaries/site-content/collections/documents/2026/02/23/2026-2030-coalition-agreement-lets-get-to-work---building-a-better-netherlands/2026-2030-coalition-agreement-let%E2%80%99s-get-to-work-building-a-better-netherlands.pdf	Accord modéré : Le gouvernement Jetten veut simplifier les règles et réduire les obstacles à l’activité tout en maintenant un État social et des politiques publiques fortes. Pour Pays-Bas, sur Q7 (« L'État devrait pouvoir nationaliser temporairement ou durablement une entreprise privée lorsqu'elle contrôle une activité stratégique pour le pays. »), elle incline dans ce sens sans adopter toute la proposition : +1.	1313	0.0950	We must foster confidence that working, investing and doing business in the Netherlands pays.	At the moment, it pays for hospitals to perform as many interventions as possible, regardless of whether patients benefit from them.	The reform process will be underpinned by the following principles: keeping implementation simple, ensuring rules are clear and predictable for people, ensuring that work pays, and avoiding further income redistribution through the tax system.
8	Économie	La concurrence est généralement préférable à la réglementation pour améliorer les prix, la qualité et l'innovation.	2	1	https://www.government.nl/site/binaries/site-content/collections/documents/2026/02/23/2026-2030-coalition-agreement-lets-get-to-work---building-a-better-netherlands/2026-2030-coalition-agreement-let%E2%80%99s-get-to-work-building-a-better-netherlands.pdf	Accord net : Le gouvernement Jetten veut simplifier les règles et réduire les obstacles à l’activité tout en maintenant un État social et des politiques publiques fortes. Pour Pays-Bas, sur Q8 (« La concurrence est généralement préférable à la réglementation pour améliorer les prix, la qualité et l'innovation. »), elle va clairement dans ce sens sans établir nécessairement chaque condition ou conséquence de l’énoncé : +2.	1313	0.1021	Innovation Investing in innovation is vital to maintaining our prosperity and ensuring the long -term affordability of the entire public sector.	We will continue implementing the National Technology Strategy and will support regional innovation clusters. • In order to help innovations progress beyond the development phase, we will deploy the National Growth Fund and where possible seek alignment with European cofinancing. • To drive the implementation of the National Technology Strategy forward, we will invest in regional innovation clusters and in participation in European innovation programmes and public-private innovation programmes. • The Netherlands remains fully committed to the construction of the Einstein Telescope.	Here is what we aim to do: • We will work to craft a national approach to digital infrastructure focused on knowledge, research and innovation, in order to get new technologies off the ground more quickly. • The Netherlands will be a leader in digital innovation and key technologies.
9	État	La France dépense trop d'argent public et devrait accepter de réduire certaines politiques sociales pour revenir à l'équilibre budgétaire.	2	3	https://www.government.nl/site/binaries/site-content/collections/documents/2026/02/23/2026-2030-coalition-agreement-lets-get-to-work---building-a-better-netherlands/2026-2030-coalition-agreement-let%E2%80%99s-get-to-work-building-a-better-netherlands.pdf	Accord net : L’accord de coalition Jetten associe liberté d’entreprendre, responsabilité sociale, simplification et croissance durable, avec discipline budgétaire et investissements publics ciblés. Pour Pays-Bas, sur Q9 (« La France dépense trop d'argent public et devrait accepter de réduire certaines politiques sociales pour revenir à l'équilibre budgétaire. »), elle va clairement dans ce sens sans établir nécessairement chaque condition ou conséquence de l’énoncé : +2.	1313	0.0692	AVT/AZ-260130-002 62 Rail and public transport For many people, public transport is indispensable.	We will also implement the Public Administration (Probity Screening) Act, in order to safeguard the integrity of public administration.	AVT/AZ-260130-002 64 Healthy public finances Healthy public finances are important for macroeconomic stability and ensure a good investment climate.
10	État	L'État devrait garantir un niveau élevé de protection sociale, même si cela implique une fiscalité importante.	1	1	https://www.government.nl/site/binaries/site-content/collections/documents/2026/02/23/2026-2030-coalition-agreement-lets-get-to-work---building-a-better-netherlands/2026-2030-coalition-agreement-let%E2%80%99s-get-to-work-building-a-better-netherlands.pdf	Accord modéré : L’accord de coalition Jetten associe liberté d’entreprendre, responsabilité sociale, simplification et croissance durable, avec discipline budgétaire et investissements publics ciblés. Pour Pays-Bas, sur Q10 (« L'État devrait garantir un niveau élevé de protection sociale, même si cela implique une fiscalité importante. »), elle incline dans ce sens sans adopter toute la proposition : +1.	1313	0.0862	The scope for integrated crop protection will be expanded.	We will also enhance the protection of those who work to uphold the rule of law.	We consider it unacceptable for us to remain dependent on others for our protection.
12	État	L'État devrait intervenir beaucoup plus fortement dans l'économie lorsque le marché produit des résultats jugés socialement indésirables.	1	1	https://www.government.nl/site/binaries/site-content/collections/documents/2026/02/23/2026-2030-coalition-agreement-lets-get-to-work---building-a-better-netherlands/2026-2030-coalition-agreement-let%E2%80%99s-get-to-work-building-a-better-netherlands.pdf	Accord modéré : Le gouvernement Jetten veut simplifier les règles et réduire les obstacles à l’activité tout en maintenant un État social et des politiques publiques fortes. Pour Pays-Bas, sur Q12 (« L'État devrait intervenir beaucoup plus fortement dans l'économie lorsque le marché produit des résultats jugés socialement indésirables. »), elle incline dans ce sens sans adopter toute la proposition : +1.	1313	0			
13	État	Les citoyens devraient avoir davantage de liberté pour choisir eux-mêmes comment utiliser leur argent plutôt que de passer par des systèmes publics obligatoires.	1	1	https://www.government.nl/site/binaries/site-content/collections/documents/2026/02/23/2026-2030-coalition-agreement-lets-get-to-work---building-a-better-netherlands/2026-2030-coalition-agreement-let%E2%80%99s-get-to-work-building-a-better-netherlands.pdf	Accord modéré : Le gouvernement Jetten veut simplifier les règles et réduire les obstacles à l’activité tout en maintenant un État social et des politiques publiques fortes. Pour Pays-Bas, sur Q13 (« Les citoyens devraient avoir davantage de liberté pour choisir eux-mêmes comment utiliser leur argent plutôt que de passer par des systèmes publics… »), elle incline dans ce sens sans adopter toute la proposition : +1.	1313	0			
14	Social / société	La société devrait accepter beaucoup plus largement les différents modes de vie, même lorsqu'ils s'éloignent des normes traditionnelles.	2	3	https://www.government.nl/site/binaries/site-content/collections/documents/2026/02/23/2026-2030-coalition-agreement-lets-get-to-work---building-a-better-netherlands/2026-2030-coalition-agreement-let%E2%80%99s-get-to-work-building-a-better-netherlands.pdf	Accord net : La coalition D66–VVD–CDA défend l’État de droit, l’égalité des chances et les libertés individuelles, avec une attention à la cohésion et aux responsabilités communes. Pour Pays-Bas, sur Q14 (« La société devrait accepter beaucoup plus largement les différents modes de vie, même lorsqu'ils s'éloignent des normes traditionnelles. »), elle va clairement dans ce sens sans établir nécessairement chaque condition ou conséquence de l’énoncé : +2.	1313	0			
16	Social / société	Réduire les inégalités peut parfois justifier de restreindre certaines libertés individuelles.	-2	1	https://www.government.nl/site/binaries/site-content/collections/documents/2026/02/23/2026-2030-coalition-agreement-lets-get-to-work---building-a-better-netherlands/2026-2030-coalition-agreement-let%E2%80%99s-get-to-work-building-a-better-netherlands.pdf	Désaccord net : La coalition D66–VVD–CDA défend l’État de droit, l’égalité des chances et les libertés individuelles, avec une attention à la cohésion et aux responsabilités communes. Pour Pays-Bas, sur Q16 (« Réduire les inégalités peut parfois justifier de restreindre certaines libertés individuelles. »), elle va clairement en sens inverse sans nécessairement rejeter chaque détail : -2.	1313	0			
17	Social / société	Les politiques publiques devraient chercher à corriger activement les discriminations historiques ou structurelles entre groupes sociaux.	2	3	https://www.government.nl/site/binaries/site-content/collections/documents/2026/02/23/2026-2030-coalition-agreement-lets-get-to-work---building-a-better-netherlands/2026-2030-coalition-agreement-let%E2%80%99s-get-to-work-building-a-better-netherlands.pdf	Accord net : La coalition D66–VVD–CDA défend l’État de droit, l’égalité des chances et les libertés individuelles, avec une attention à la cohésion et aux responsabilités communes. Pour Pays-Bas, sur Q17 (« Les politiques publiques devraient chercher à corriger activement les discriminations historiques ou structurelles entre groupes sociaux. »), elle va clairement dans ce sens sans établir nécessairement chaque condition ou conséquence de l’énoncé : +2.	1313	0			
19	Social / société	Certaines traditions et valeurs culturelles méritent d'être préservées même si elles évoluent moins vite que la société.	1	1	https://www.government.nl/site/binaries/site-content/collections/documents/2026/02/23/2026-2030-coalition-agreement-lets-get-to-work---building-a-better-netherlands/2026-2030-coalition-agreement-let%E2%80%99s-get-to-work-building-a-better-netherlands.pdf	Accord modéré : La coalition D66–VVD–CDA défend l’État de droit, l’égalité des chances et les libertés individuelles, avec une attention à la cohésion et aux responsabilités communes. Pour Pays-Bas, sur Q19 (« Certaines traditions et valeurs culturelles méritent d'être préservées même si elles évoluent moins vite que la société. »), elle incline dans ce sens sans adopter toute la proposition : +1.	1313	0.1225	This principle is in keeping with the Dutch traditions of tolerance and openness.	We will reduce the regulatory burden in the cultural sector. • We will foster culture and the arts – from world-class orchestras and museums to vibrant folk art and traditions.	
21	Immigration	L'immigration économique est globalement bénéfique pour l'économie française.	2	3	https://www.government.nl/site/binaries/site-content/collections/documents/2026/02/23/2026-2030-coalition-agreement-lets-get-to-work---building-a-better-netherlands/2026-2030-coalition-agreement-let%E2%80%99s-get-to-work-building-a-better-netherlands.pdf	Accord net : L’accord de coalition veut mieux maîtriser les flux migratoires, accélérer procédures et retours, tout en organisant l’intégration et l’accès au travail des personnes admises à rester. Pour Pays-Bas, sur Q21 (« L'immigration économique est globalement bénéfique pour l'économie française. »), elle va clairement dans ce sens sans établir nécessairement chaque condition ou conséquence de l’énoncé : +2.	1313	0.1155	A hardship clause will be applied in cases of exceptional distress. • The Immigration and Naturalisation Service (IND) needs to be able to decide on applications more quickly, and so we will simplify the asylum procedure.	Where possible, the most serious troublemakers will be placed in immigration detention and expelled. • Municipalities that have an asylum application centre will be given scope to permanently increase police deployment levels. • Ensuring asylum seekers are able to be active is an effective way of preventing nuisance.	
23	Immigration	L'accès à la nationalité française devrait être rendu plus exigeant.	2	3	https://www.government.nl/site/binaries/site-content/collections/documents/2026/02/23/2026-2030-coalition-agreement-lets-get-to-work---building-a-better-netherlands/2026-2030-coalition-agreement-let%E2%80%99s-get-to-work-building-a-better-netherlands.pdf	Accord net : L’accord de coalition veut mieux maîtriser les flux migratoires, accélérer procédures et retours, tout en organisant l’intégration et l’accès au travail des personnes admises à rester. Pour Pays-Bas, sur Q23 (« L'accès à la nationalité française devrait être rendu plus exigeant. »), elle va clairement dans ce sens sans établir nécessairement chaque condition ou conséquence de l’énoncé : +2.	1313	0			
24	Immigration	La France devrait être beaucoup plus stricte concernant l'expulsion des étrangers condamnés pour des crimes graves.	3	3	https://www.government.nl/site/binaries/site-content/collections/documents/2026/02/23/2026-2030-coalition-agreement-lets-get-to-work---building-a-better-netherlands/2026-2030-coalition-agreement-let%E2%80%99s-get-to-work-building-a-better-netherlands.pdf	Accord très fort : L’accord de coalition veut mieux maîtriser les flux migratoires, accélérer procédures et retours, tout en organisant l’intégration et l’accès au travail des personnes admises à rester. Pour Pays-Bas, sur Q24 (« La France devrait être beaucoup plus stricte concernant l'expulsion des étrangers condamnés pour des crimes graves. »), cette orientation reprend presque entièrement le choix proposé : +3.	1313	0.1146	Its provisions include mutual recognition of national return decisions and greater scope for detention prior to expulsion.		
25	Immigration	Même lorsque l'immigration est économiquement bénéfique, elle peut être légitimement limitée pour préserver la cohésion culturelle du pays.	1	1	https://www.government.nl/site/binaries/site-content/collections/documents/2026/02/23/2026-2030-coalition-agreement-lets-get-to-work---building-a-better-netherlands/2026-2030-coalition-agreement-let%E2%80%99s-get-to-work-building-a-better-netherlands.pdf	Accord modéré : L’accord de coalition veut mieux maîtriser les flux migratoires, accélérer procédures et retours, tout en organisant l’intégration et l’accès au travail des personnes admises à rester. Pour Pays-Bas, sur Q25 (« Même lorsque l'immigration est économiquement bénéfique, elle peut être légitimement limitée pour préserver la cohésion culturelle du pays. »), elle incline dans ce sens sans adopter toute la proposition : +1.	1313	0.1077	We must foster confidence that working, investing and doing business in the Netherlands pays.	At the moment, it pays for hospitals to perform as many interventions as possible, regardless of whether patients benefit from them.	A hardship clause will be applied in cases of exceptional distress. • The Immigration and Naturalisation Service (IND) needs to be able to decide on applications more quickly, and so we will simplify the asylum procedure.
26	Immigration	La France devrait accueillir davantage de réfugiés lorsqu'ils fuient une guerre ou une persécution, même si cela représente un coût économique.	0	3	https://www.government.nl/site/binaries/site-content/collections/documents/2026/02/23/2026-2030-coalition-agreement-lets-get-to-work---building-a-better-netherlands/2026-2030-coalition-agreement-let%E2%80%99s-get-to-work-building-a-better-netherlands.pdf	Position intermédiaire : L’accord de coalition veut mieux maîtriser les flux migratoires, accélérer procédures et retours, tout en organisant l’intégration et l’accès au travail des personnes admises à rester. Pour Pays-Bas, sur Q26 (« La France devrait accueillir davantage de réfugiés lorsqu'ils fuient une guerre ou une persécution, même si cela représente un coût économique. »), elle ne tranche pas clairement l’arbitrage précis posé : 0.	1313	0			
27	Sécurité / justice	Les peines de prison effectives devraient être plus sévères, même si cela augmente fortement la population carcérale.	1	1	https://www.government.nl/site/binaries/site-content/collections/documents/2026/02/23/2026-2030-coalition-agreement-lets-get-to-work---building-a-better-netherlands/2026-2030-coalition-agreement-let%E2%80%99s-get-to-work-building-a-better-netherlands.pdf	Accord modéré : Le gouvernement Jetten veut renforcer police, justice et lutte contre le crime organisé tout en maintenant les garanties de l’État de droit. Pour Pays-Bas, sur Q27 (« Les peines de prison effectives devraient être plus sévères, même si cela augmente fortement la population carcérale. »), elle incline dans ce sens sans adopter toute la proposition : +1.	1313	0.1034	What is more, the population of the Netherlands is ageing and the number of people unable to work due to sickness or disability is increasing.	We will provide more legal scope for expanding the monitoring of terrorist offenders who have been released from prison and whose Dutch nationality has been revoked, but who cannot yet be expelled and could otherwise disappear out of sight of the authorities.	That is why we will continue to pursue an approach involving regional labour markets and employment centres, in which parties such as municipalities, the Employee Insurance Agency (UWV) and social partners cooperate to offer differentiated and customised services aligned with the needs of the local labour market and population. • We will invest in lifelong learning.
28	Sécurité / justice	Il vaut mieux investir dans la prévention et la réinsertion que dans l'augmentation des sanctions.	2	1	https://www.government.nl/site/binaries/site-content/collections/documents/2026/02/23/2026-2030-coalition-agreement-lets-get-to-work---building-a-better-netherlands/2026-2030-coalition-agreement-let%E2%80%99s-get-to-work-building-a-better-netherlands.pdf	Accord net : Le gouvernement Jetten veut renforcer police, justice et lutte contre le crime organisé tout en maintenant les garanties de l’État de droit. Pour Pays-Bas, sur Q28 (« Il vaut mieux investir dans la prévention et la réinsertion que dans l'augmentation des sanctions. »), elle va clairement dans ce sens sans établir nécessairement chaque condition ou conséquence de l’énoncé : +2.	1313	0.1140	This too will be done in close collaboration with non-EU NATO partners, such as the United Kingdom, Norway and Canada. • In order to render sanctions against Russia and other malicious state actors more effective, we will work towards the establishment of a European sanctions body. • We will step up cooperation at European level with regard to the intelligence and security services.	National measures and European sanctions against the Netanyahu government, its members and its associates will remain in force until meaningful steps are taken towards peace and compliance with international law.	Vis-à- vis Russia, we will work to ensure maximum punishment for its aggression by enhancing sanctions enforcement and taking firm action against the shadow fleet.
29	Sécurité / justice	La police devrait disposer de pouvoirs plus importants pour lutter contre la criminalité, quitte à accepter davantage de contrôles sur certaines libertés individuelles.	2	3	https://www.government.nl/site/binaries/site-content/collections/documents/2026/02/23/2026-2030-coalition-agreement-lets-get-to-work---building-a-better-netherlands/2026-2030-coalition-agreement-let%E2%80%99s-get-to-work-building-a-better-netherlands.pdf	Accord net : Le gouvernement Jetten veut renforcer police, justice et lutte contre le crime organisé tout en maintenant les garanties de l’État de droit. Pour Pays-Bas, sur Q29 (« La police devrait disposer de pouvoirs plus importants pour lutter contre la criminalité, quitte à accepter davantage de contrôles sur certaines… »), elle va clairement dans ce sens sans établir nécessairement chaque condition ou conséquence de l’énoncé : +2.	1313	0.0745	This will also help to alleviate the pressure on the police.	This means that we will train more community police officers and detectives specialised in investigating cybercrime and sexual offences, and deploy them at more police stations.	We will also invest in expanding the provision of weapons and defensive equipment to the riot police. • We will take our lead from what the police and local authorities need to uphold public order effectively in the streets, in our neighbourhoods and online.
36	Écologie	Il est justifié d'interdire certains produits ou comportements très polluants même lorsque les consommateurs les souhaitent.	2	3	https://www.government.nl/site/binaries/site-content/collections/documents/2026/02/23/2026-2030-coalition-agreement-lets-get-to-work---building-a-better-netherlands/2026-2030-coalition-agreement-let%E2%80%99s-get-to-work-building-a-better-netherlands.pdf	Accord net : La coalition maintient des objectifs climatiques ambitieux et les articule à la croissance durable, à l’innovation, à l’électrification et à des mesures économiquement soutenables. Pour Pays-Bas, sur Q36 (« Il est justifié d'interdire certains produits ou comportements très polluants même lorsque les consommateurs les souhaitent. »), elle va clairement dans ce sens sans établir nécessairement chaque condition ou conséquence de l’énoncé : +2.	1313	0			
37	Écologie	Les pays riches devraient supporter une part prépondérante du coût de la transition écologique mondiale.	2	1	https://www.government.nl/site/binaries/site-content/collections/documents/2026/02/23/2026-2030-coalition-agreement-lets-get-to-work---building-a-better-netherlands/2026-2030-coalition-agreement-let%E2%80%99s-get-to-work-building-a-better-netherlands.pdf	Accord net : La coalition maintient des objectifs climatiques ambitieux et les articule à la croissance durable, à l’innovation, à l’électrification et à des mesures économiquement soutenables. Pour Pays-Bas, sur Q37 (« Les pays riches devraient supporter une part prépondérante du coût de la transition écologique mondiale. »), elle va clairement dans ce sens sans établir nécessairement chaque condition ou conséquence de l’énoncé : +2.	1313	0.1118	We must foster confidence that working, investing and doing business in the Netherlands pays.	At the moment, it pays for hospitals to perform as many interventions as possible, regardless of whether patients benefit from them.	They therefore need to be given the freedom to do business, achieve growth and transition towards sustainability and be
38	Europe	La France devrait transférer davantage de compétences à l'Union européenne afin de renforcer son poids économique et géopolitique.	2	3	https://www.government.nl/site/binaries/site-content/collections/documents/2026/02/23/2026-2030-coalition-agreement-lets-get-to-work---building-a-better-netherlands/2026-2030-coalition-agreement-let%E2%80%99s-get-to-work-building-a-better-netherlands.pdf	Accord net : L’accord présente les Pays-Bas comme plus forts dans une Europe forte et soutient une coopération accrue sur sécurité, économie, énergie et climat. Pour Pays-Bas, sur Q38 (« La France devrait transférer davantage de compétences à l'Union européenne afin de renforcer son poids économique et géopolitique. »), elle va clairement dans ce sens sans établir nécessairement chaque condition ou conséquence de l’énoncé : +2.	1313	0.1097	Investments will be accounted for in the central government budget. • To ensure that businesses have better access to financing, we will work at European level towards the capital markets union and the completion of the banking union.	The Netherlands must be the driving force behind a strong, geopolitical European Union that acts decisively.	The European Union brings prosperity and security, and ensures that our voice is heard in the world.
39	Europe	La France devrait conserver autant que possible sa souveraineté nationale, même si cela réduit son influence au niveau européen.	-2	2	https://www.government.nl/site/binaries/site-content/collections/documents/2026/02/23/2026-2030-coalition-agreement-lets-get-to-work---building-a-better-netherlands/2026-2030-coalition-agreement-let%E2%80%99s-get-to-work-building-a-better-netherlands.pdf	Désaccord net : L’accord présente les Pays-Bas comme plus forts dans une Europe forte et soutient une coopération accrue sur sécurité, économie, énergie et climat. Pour Pays-Bas, sur Q39 (« La France devrait conserver autant que possible sa souveraineté nationale, même si cela réduit son influence au niveau européen. »), elle va clairement en sens inverse sans nécessairement rejeter chaque détail : -2.	1313	0.0810	Regimes use their long reach to exert influence over their diasporas in the Netherlands, sometimes even resorting to indoctrination and intimidation.	We will use our influence to build stable partnerships, open up markets to Dutch businesses and strengthen our strategic autonomy. • Free trade bolsters our economy and helps reduce our dependence on a single region.	By doing so we will help ensure more security and stability worldwide, reduce irregular migration and counter the influence of China and Russia in the Global South. • Development cooperation will also be used as an instrument to protect our interests and strengthen our international position.
40	Europe	L'euro est globalement bénéfique pour la France malgré la perte de certains instruments de politique économique.	3	3	https://www.government.nl/site/binaries/site-content/collections/documents/2026/02/23/2026-2030-coalition-agreement-lets-get-to-work---building-a-better-netherlands/2026-2030-coalition-agreement-let%E2%80%99s-get-to-work-building-a-better-netherlands.pdf	Accord très fort : L’accord présente les Pays-Bas comme plus forts dans une Europe forte et soutient une coopération accrue sur sécurité, économie, énergie et climat. Pour Pays-Bas, sur Q40 (« L'euro est globalement bénéfique pour la France malgré la perte de certains instruments de politique économique. »), cette orientation reprend presque entièrement le choix proposé : +3.	1313	0.1069	We therefore need to place renewed emphasis on the fact that every euro we spend has to be earned first.	In this way we will ensure that every euro earmarked for healthcare is well spent, giving priority to the accessibility and quality of healthcare and patients’ interests.	To achieve that, in the coming years the Netherlands will sometimes need to have the courage to hold steady for a while with a view to creating something bigger and better for the longer term, in the knowledge that each euro can be spent only once, and must benefit future generations.
41	Europe	L'Union européenne devrait pouvoir imposer davantage de règles communes aux États membres.	2	3	https://www.government.nl/site/binaries/site-content/collections/documents/2026/02/23/2026-2030-coalition-agreement-lets-get-to-work---building-a-better-netherlands/2026-2030-coalition-agreement-let%E2%80%99s-get-to-work-building-a-better-netherlands.pdf	Accord net : L’accord présente les Pays-Bas comme plus forts dans une Europe forte et soutient une coopération accrue sur sécurité, économie, énergie et climat. Pour Pays-Bas, sur Q41 (« L'Union européenne devrait pouvoir imposer davantage de règles communes aux États membres. »), elle va clairement dans ce sens sans établir nécessairement chaque condition ou conséquence de l’énoncé : +2.	1313	0.1097	Investments will be accounted for in the central government budget. • To ensure that businesses have better access to financing, we will work at European level towards the capital markets union and the completion of the banking union.	The Netherlands must be the driving force behind a strong, geopolitical European Union that acts decisively.	The European Union brings prosperity and security, and ensures that our voice is heard in the world.
42	Europe	En cas de conflit entre les intérêts économiques français et les règles européennes, la France devrait pouvoir désobéir à certaines règles européennes.	-3	3	https://www.government.nl/site/binaries/site-content/collections/documents/2026/02/23/2026-2030-coalition-agreement-lets-get-to-work---building-a-better-netherlands/2026-2030-coalition-agreement-let%E2%80%99s-get-to-work-building-a-better-netherlands.pdf	Désaccord très fort : L’accord présente les Pays-Bas comme plus forts dans une Europe forte et soutient une coopération accrue sur sécurité, économie, énergie et climat. Pour Pays-Bas, sur Q42 (« En cas de conflit entre les intérêts économiques français et les règles européennes, la France devrait pouvoir désobéir à certaines règles européennes. »), elle contredit presque entièrement le choix proposé : -3.	1313	0.0763	At European level, we will advocate authorisation of CRISPR-Cas and cisgenic technologies in plant breeding. • The government will support young farmers and growers, with a view to promoting generational renewal in agriculture.		
44	Fiscalité / patrimoine	L'héritage devrait être davantage taxé au-delà d'un certain seuil de patrimoine transmis, même si cela conduit certaines familles à transmettre moins de patrimoine à leurs enfants.	0	1	https://www.government.nl/site/binaries/site-content/collections/documents/2026/02/23/2026-2030-coalition-agreement-lets-get-to-work---building-a-better-netherlands/2026-2030-coalition-agreement-let%E2%80%99s-get-to-work-building-a-better-netherlands.pdf	Position intermédiaire : L’accord de coalition Jetten associe liberté d’entreprendre, responsabilité sociale, simplification et croissance durable, avec discipline budgétaire et investissements publics ciblés. Pour Pays-Bas, sur Q44 (« L'héritage devrait être davantage taxé au-delà d'un certain seuil de patrimoine transmis, même si cela conduit certaines familles à transmettre moins… »), elle ne tranche pas clairement l’arbitrage précis posé : 0.	1313	0.0532	To this end, they will have access to the aliens database and, under certain conditions, to the criminal justice system database.	We will therefore develop legislation that facilitates targeted supervision of such places, under certain conditions. • We will support the initiative of the European Parliament to place imams who incite hatred on a blacklist and impose entry bans on them.	For this reason we will explore whether certain autonomous administrative authorities (such as the Employee Insurance Agency (UWV)) can be placed under the direct responsibility of a minister. • The Netherlands has fallen behind when it comes to the availability of digital services to members of the public and companies; we will make considerable efforts to address this problem.
45	Fiscalité / patrimoine	Les très grandes fortunes devraient être imposées sur leur patrimoine mondial, même lorsqu'elles quittent la France.	0	1	https://www.government.nl/site/binaries/site-content/collections/documents/2026/02/23/2026-2030-coalition-agreement-lets-get-to-work---building-a-better-netherlands/2026-2030-coalition-agreement-let%E2%80%99s-get-to-work-building-a-better-netherlands.pdf	Position intermédiaire : L’accord de coalition Jetten associe liberté d’entreprendre, responsabilité sociale, simplification et croissance durable, avec discipline budgétaire et investissements publics ciblés. Pour Pays-Bas, sur Q45 (« Les très grandes fortunes devraient être imposées sur leur patrimoine mondial, même lorsqu'elles quittent la France. »), elle ne tranche pas clairement l’arbitrage précis posé : 0.	1313	0			
46	Travail / chômage	Un chômeur devrait pouvoir perdre une partie significative de ses allocations s'il refuse plusieurs emplois raisonnablement adaptés à ses compétences.	2	3	https://www.government.nl/site/binaries/site-content/collections/documents/2026/02/23/2026-2030-coalition-agreement-lets-get-to-work---building-a-better-netherlands/2026-2030-coalition-agreement-let%E2%80%99s-get-to-work-building-a-better-netherlands.pdf	Accord net : Le gouvernement Jetten veut simplifier les règles et réduire les obstacles à l’activité tout en maintenant un État social et des politiques publiques fortes. Pour Pays-Bas, sur Q46 (« Un chômeur devrait pouvoir perdre une partie significative de ses allocations s'il refuse plusieurs emplois raisonnablement adaptés à ses compétences. »), elle va clairement dans ce sens sans établir nécessairement chaque condition ou conséquence de l’énoncé : +2.	1313	0			
48	Travail / chômage	Le CDI protège trop fortement les salariés déjà en poste et peut rendre plus difficile l’accès à l’emploi stable, au détriment des jeunes, chômeurs ou travailleurs en contrats précaires.	1	2	https://www.government.nl/site/binaries/site-content/collections/documents/2026/02/23/2026-2030-coalition-agreement-lets-get-to-work---building-a-better-netherlands/2026-2030-coalition-agreement-let%E2%80%99s-get-to-work-building-a-better-netherlands.pdf	Accord modéré : Le gouvernement Jetten veut simplifier les règles et réduire les obstacles à l’activité tout en maintenant un État social et des politiques publiques fortes. Pour Pays-Bas, sur Q48 (« Le CDI protège trop fortement les salariés déjà en poste et peut rendre plus difficile l’accès à l’emploi stable, au détriment des jeunes, chômeurs ou… »), elle incline dans ce sens sans adopter toute la proposition : +1.	1313	0.0575	Here is what we aim to do: • We will provide stable and predictable funding to MBO and HBO institutions.	AVT/AZ-260130-002 65 The Netherlands profits from a strong European economy and a stable eurozone.	AVT/AZ-260130-002 27 • We will create a level playing field and implement stable long-term policy to enable companies to invest in decarbonising their operations.
49	Retraites	Les retraites devraient être progressivement réformées vers un système combinant répartition et capitalisation, même si cela implique une période de transition coûteuse.	3	3	https://www.government.nl/site/binaries/site-content/collections/documents/2026/02/23/2026-2030-coalition-agreement-lets-get-to-work---building-a-better-netherlands/2026-2030-coalition-agreement-let%E2%80%99s-get-to-work-building-a-better-netherlands.pdf	Accord très fort : Le gouvernement Jetten veut simplifier les règles et réduire les obstacles à l’activité tout en maintenant un État social et des politiques publiques fortes. Pour Pays-Bas, sur Q49 (« Les retraites devraient être progressivement réformées vers un système combinant répartition et capitalisation, même si cela implique une période de… »), cette orientation reprend presque entièrement le choix proposé : +3.	1313	0.0701	They therefore need to be given the freedom to do business, achieve growth and transition towards sustainability and be	But we are standing by them and want to help them transition to future-proof agriculture.	We will ensure that the people who would benefit most from retraining and upskilling (such as people in vocational occupations and small or medium-sized business owners) can also make the most use of it. • We will reform the existing transition pay scheme so that it serves its intended purpose, namely to facilitate the transition from work to work.
50	Retraites	L'âge légal de départ à la retraite devrait être automatiquement indexé sur l'espérance de vie nationale.	3	3	https://www.government.nl/site/binaries/site-content/collections/documents/2026/02/23/2026-2030-coalition-agreement-lets-get-to-work---building-a-better-netherlands/2026-2030-coalition-agreement-let%E2%80%99s-get-to-work-building-a-better-netherlands.pdf	Accord très fort : Le gouvernement Jetten veut simplifier les règles et réduire les obstacles à l’activité tout en maintenant un État social et des politiques publiques fortes. Pour Pays-Bas, sur Q50 (« L'âge légal de départ à la retraite devrait être automatiquement indexé sur l'espérance de vie nationale. »), cette orientation reprend presque entièrement le choix proposé : +3.	1313	0			
51	Protection sociale	Les prestations sociales devraient être fortement conditionnées à la durée de cotisation et de participation au marché du travail.	2	3	https://www.government.nl/site/binaries/site-content/collections/documents/2026/02/23/2026-2030-coalition-agreement-lets-get-to-work---building-a-better-netherlands/2026-2030-coalition-agreement-let%E2%80%99s-get-to-work-building-a-better-netherlands.pdf	Accord net : Le gouvernement Jetten veut simplifier les règles et réduire les obstacles à l’activité tout en maintenant un État social et des politiques publiques fortes. Pour Pays-Bas, sur Q51 (« Les prestations sociales devraient être fortement conditionnées à la durée de cotisation et de participation au marché du travail. »), elle va clairement dans ce sens sans établir nécessairement chaque condition ou conséquence de l’énoncé : +2.	1313	0.0781	Participation will be the norm We want everyone, including newcomers, to actively participate in and contribute to society.	Sometimes people face racism and discrimination, which create barriers to their participation in society.	We will reform the Participation Act with a focus on highly intensive guidance, investment in communities and effective cooperation with employers, including social enterprises.
53	État / entreprises	Une entreprise qui reçoit plusieurs milliards d'euros d'aides publiques devrait pouvoir être contrainte de limiter ses dividendes et les rémunérations de ses dirigeants tant que l'aide n'est pas remboursée.	1	1	https://www.government.nl/site/binaries/site-content/collections/documents/2026/02/23/2026-2030-coalition-agreement-lets-get-to-work---building-a-better-netherlands/2026-2030-coalition-agreement-let%E2%80%99s-get-to-work-building-a-better-netherlands.pdf	Accord modéré : Le gouvernement Jetten veut simplifier les règles et réduire les obstacles à l’activité tout en maintenant un État social et des politiques publiques fortes. Pour Pays-Bas, sur Q53 (« Une entreprise qui reçoit plusieurs milliards d'euros d'aides publiques devrait pouvoir être contrainte de limiter ses dividendes et les rémunérations… »), elle incline dans ce sens sans adopter toute la proposition : +1.	1313	0			
54	État / entreprises	L'État devrait davantage utiliser son pouvoir d'actionnaire pour orienter les grandes entreprises françaises vers des objectifs industriels de long terme.	1	1	https://www.government.nl/site/binaries/site-content/collections/documents/2026/02/23/2026-2030-coalition-agreement-lets-get-to-work---building-a-better-netherlands/2026-2030-coalition-agreement-let%E2%80%99s-get-to-work-building-a-better-netherlands.pdf	Accord modéré : Le gouvernement Jetten veut simplifier les règles et réduire les obstacles à l’activité tout en maintenant un État social et des politiques publiques fortes. Pour Pays-Bas, sur Q54 (« L'État devrait davantage utiliser son pouvoir d'actionnaire pour orienter les grandes entreprises françaises vers des objectifs industriels de long terme. »), elle incline dans ce sens sans adopter toute la proposition : +1.	1313	0.0574	But we will also set long-term objectives which we will work towards.	Once the COA has sufficient long-term and flexible reception	Long-term care and care for people with disabilities Every person who needs long-term care is unique, but what they have in common is that everyone prefers to be cared for in their own, familiar surroundings.
55	État / entreprises	Il faudrait réduire fortement les normes administratives pesant sur les entreprises, même si certaines protections environnementales ou sociales deviennent moins strictes.	2	3	https://www.government.nl/site/binaries/site-content/collections/documents/2026/02/23/2026-2030-coalition-agreement-lets-get-to-work---building-a-better-netherlands/2026-2030-coalition-agreement-let%E2%80%99s-get-to-work-building-a-better-netherlands.pdf	Accord net : Le gouvernement Jetten veut simplifier les règles et réduire les obstacles à l’activité tout en maintenant un État social et des politiques publiques fortes. Pour Pays-Bas, sur Q55 (« Il faudrait réduire fortement les normes administratives pesant sur les entreprises, même si certaines protections environnementales ou sociales… »), elle va clairement dans ce sens sans établir nécessairement chaque condition ou conséquence de l’énoncé : +2.	1313	0			
57	Immigration / assimilation	L'accès à certaines prestations sociales devrait être beaucoup plus limité pendant les premières années suivant l'arrivée d'un immigré.	2	3	https://www.government.nl/site/binaries/site-content/collections/documents/2026/02/23/2026-2030-coalition-agreement-lets-get-to-work---building-a-better-netherlands/2026-2030-coalition-agreement-let%E2%80%99s-get-to-work-building-a-better-netherlands.pdf	Accord net : L’accord de coalition veut mieux maîtriser les flux migratoires, accélérer procédures et retours, tout en organisant l’intégration et l’accès au travail des personnes admises à rester. Pour Pays-Bas, sur Q57 (« L'accès à certaines prestations sociales devrait être beaucoup plus limité pendant les premières années suivant l'arrivée d'un immigré. »), elle va clairement dans ce sens sans établir nécessairement chaque condition ou conséquence de l’énoncé : +2.	1313	0			
58	Immigration / assimilation	La France devrait privilégier l'immigration économique qualifiée, même si cela signifie accueillir moins de personnes peu qualifiées.	3	3	https://www.government.nl/site/binaries/site-content/collections/documents/2026/02/23/2026-2030-coalition-agreement-lets-get-to-work---building-a-better-netherlands/2026-2030-coalition-agreement-let%E2%80%99s-get-to-work-building-a-better-netherlands.pdf	Accord très fort : L’accord de coalition veut mieux maîtriser les flux migratoires, accélérer procédures et retours, tout en organisant l’intégration et l’accès au travail des personnes admises à rester. Pour Pays-Bas, sur Q58 (« La France devrait privilégier l'immigration économique qualifiée, même si cela signifie accueillir moins de personnes peu qualifiées. »), cette orientation reprend presque entièrement le choix proposé : +3.	1313	0.0809	A hardship clause will be applied in cases of exceptional distress. • The Immigration and Naturalisation Service (IND) needs to be able to decide on applications more quickly, and so we will simplify the asylum procedure.	Where possible, the most serious troublemakers will be placed in immigration detention and expelled. • Municipalities that have an asylum application centre will be given scope to permanently increase police deployment levels. • Ensuring asylum seekers are able to be active is an effective way of preventing nuisance.	
61	Immigration / assimilation	Le fait de conserver des pratiques culturelles ou religieuses très différentes de celles de la majorité française n'est pas en soi un problème tant que les lois françaises sont respectées.	2	1	https://www.government.nl/site/binaries/site-content/collections/documents/2026/02/23/2026-2030-coalition-agreement-lets-get-to-work---building-a-better-netherlands/2026-2030-coalition-agreement-let%E2%80%99s-get-to-work-building-a-better-netherlands.pdf	Accord net : L’accord de coalition veut mieux maîtriser les flux migratoires, accélérer procédures et retours, tout en organisant l’intégration et l’accès au travail des personnes admises à rester. Pour Pays-Bas, sur Q61 (« Le fait de conserver des pratiques culturelles ou religieuses très différentes de celles de la majorité française n'est pas en soi un problème tant que… »), elle va clairement dans ce sens sans établir nécessairement chaque condition ou conséquence de l’énoncé : +2.	1313	0			
63	Libertés / sécurité	Pour lutter contre le terrorisme, l'État devrait pouvoir surveiller préventivement une personne considérée comme présentant un risque sérieux, même sans preuve suffisante pour engager des poursuites pénales.	2	3	https://www.government.nl/site/binaries/site-content/collections/documents/2026/02/23/2026-2030-coalition-agreement-lets-get-to-work---building-a-better-netherlands/2026-2030-coalition-agreement-let%E2%80%99s-get-to-work-building-a-better-netherlands.pdf	Accord net : Le gouvernement Jetten veut renforcer police, justice et lutte contre le crime organisé tout en maintenant les garanties de l’État de droit. Pour Pays-Bas, sur Q63 (« Pour lutter contre le terrorisme, l'État devrait pouvoir surveiller préventivement une personne considérée comme présentant un risque sérieux, même… »), elle va clairement dans ce sens sans établir nécessairement chaque condition ou conséquence de l’énoncé : +2.	1313	0			
64	Libertés / expression	Une personne qui tient publiquement des propos profondément offensants mais qui n'appelle ni à la violence ni à commettre une infraction devrait être protégée par la liberté d'expression.	2	1	https://www.government.nl/site/binaries/site-content/collections/documents/2026/02/23/2026-2030-coalition-agreement-lets-get-to-work---building-a-better-netherlands/2026-2030-coalition-agreement-let%E2%80%99s-get-to-work-building-a-better-netherlands.pdf	Accord net : La coalition D66–VVD–CDA défend l’État de droit, l’égalité des chances et les libertés individuelles, avec une attention à la cohésion et aux responsabilités communes. Pour Pays-Bas, sur Q64 (« Une personne qui tient publiquement des propos profondément offensants mais qui n'appelle ni à la violence ni à commettre une infraction devrait être… »), elle va clairement dans ce sens sans établir nécessairement chaque condition ou conséquence de l’énoncé : +2.	1313	0.0979	Such consultation is also an expression of our desire that this government listen to all voices in society.	This means talking about these issues at school and at home. • We will continue the Enhanced Approach to Online Sexual Violence, including online misogyny and online sexual harassment, as laid down in the National Action Plan. • We will tighten legislation on domestic violence in order to comply with the Istanbul Convention and introduce a domestic violence disclosure scheme (in line with the UK’s Clare’s Law) as well as a separate criminal offence of psychological violence.	Here is what we aim to do: • Management of the approach to tackling violence against women, as laid down in the National Action Plan to Stop Violence Against Women, will be overseen by a national coordinator.
66	Sécurité	Lorsqu’un conducteur refuse d’obtempérer et prend la fuite, les policiers devraient pouvoir utiliser leur arme à feu même si le danger pour leur vie n’est pas immédiat.	-2	1	https://www.government.nl/site/binaries/site-content/collections/documents/2026/02/23/2026-2030-coalition-agreement-lets-get-to-work---building-a-better-netherlands/2026-2030-coalition-agreement-let%E2%80%99s-get-to-work-building-a-better-netherlands.pdf	Désaccord net : Le gouvernement Jetten veut renforcer police, justice et lutte contre le crime organisé tout en maintenant les garanties de l’État de droit. Pour Pays-Bas, sur Q66 (« Lorsqu’un conducteur refuse d’obtempérer et prend la fuite, les policiers devraient pouvoir utiliser leur arme à feu même si le danger pour leur vie… »), elle va clairement en sens inverse sans nécessairement rejeter chaque détail : -2.	1313	0			
67	Écologie	Une taxe carbone qui réduit les émissions de CO₂ devrait être maintenue même si elle diminue le pouvoir d’achat des ménages modestes, à condition de compenser ces derniers par des aides ciblées.	2	3	https://www.government.nl/site/binaries/site-content/collections/documents/2026/02/23/2026-2030-coalition-agreement-lets-get-to-work---building-a-better-netherlands/2026-2030-coalition-agreement-let%E2%80%99s-get-to-work-building-a-better-netherlands.pdf	Accord net : La coalition maintient des objectifs climatiques ambitieux et les articule à la croissance durable, à l’innovation, à l’électrification et à des mesures économiquement soutenables. Pour Pays-Bas, sur Q67 (« Une taxe carbone qui réduit les émissions de CO₂ devrait être maintenue même si elle diminue le pouvoir d’achat des ménages modestes, à condition de… »), elle va clairement dans ce sens sans établir nécessairement chaque condition ou conséquence de l’énoncé : +2.	1313	0.0780	We want to keep these areas in good condition for future generations to enjoy too.	Management will be aimed at achieving emissions reduction and be based on the actual ecological condition of nature areas.	AVT/AZ-260130-002 55 via the municipality, and we will stop the unnecessary periodic assessments that only serve to reaffirm that someone still has a chronic condition or disability.
68	Écologie	La France devrait interdire progressivement la vente de voitures thermiques même si cela augmente temporairement le prix moyen des véhicules.	2	3	https://www.government.nl/site/binaries/site-content/collections/documents/2026/02/23/2026-2030-coalition-agreement-lets-get-to-work---building-a-better-netherlands/2026-2030-coalition-agreement-let%E2%80%99s-get-to-work-building-a-better-netherlands.pdf	Accord net : La coalition maintient des objectifs climatiques ambitieux et les articule à la croissance durable, à l’innovation, à l’électrification et à des mesures économiquement soutenables. Pour Pays-Bas, sur Q68 (« La France devrait interdire progressivement la vente de voitures thermiques même si cela augmente temporairement le prix moyen des véhicules. »), elle va clairement dans ce sens sans établir nécessairement chaque condition ou conséquence de l’énoncé : +2.	1313	0			
69	Écologie	Il faut privilégier le nucléaire même si cela conduit à réduire certains investissements dans les renouvelables.	0	1	https://www.government.nl/site/binaries/site-content/collections/documents/2026/02/23/2026-2030-coalition-agreement-lets-get-to-work---building-a-better-netherlands/2026-2030-coalition-agreement-let%E2%80%99s-get-to-work-building-a-better-netherlands.pdf	Position intermédiaire : La coalition maintient des objectifs climatiques ambitieux et les articule à la croissance durable, à l’innovation, à l’électrification et à des mesures économiquement soutenables. Pour Pays-Bas, sur Q69 (« Il faut privilégier le nucléaire même si cela conduit à réduire certains investissements dans les renouvelables. »), elle ne tranche pas clairement l’arbitrage précis posé : 0.	1313	0			
71	Écologie / croissance	Si la France pouvait réduire ses émissions de 20 % mais que cela réduisait son PIB de 3 %, alors que les autres pays ne faisaient aucun effort comparable, il faudrait quand même le faire.	1	2	https://www.government.nl/site/binaries/site-content/collections/documents/2026/02/23/2026-2030-coalition-agreement-lets-get-to-work---building-a-better-netherlands/2026-2030-coalition-agreement-let%E2%80%99s-get-to-work-building-a-better-netherlands.pdf	Accord modéré : La coalition maintient des objectifs climatiques ambitieux et les articule à la croissance durable, à l’innovation, à l’électrification et à des mesures économiquement soutenables. Pour Pays-Bas, sur Q71 (« Si la France pouvait réduire ses émissions de 20 % mais que cela réduisait son PIB de 3 %, alors que les autres pays ne faisaient aucun effort… »), elle incline dans ce sens sans adopter toute la proposition : +1.	1313	0.0829	We must foster confidence that working, investing and doing business in the Netherlands pays.	At the moment, it pays for hospitals to perform as many interventions as possible, regardless of whether patients benefit from them.	Disbursement of funds will be conditional on uniformity of approaches (in terms of zone width and measures required) around comparable nature areas. • We will give priority to implementing this approach around at least five nature areas
72	Institutions	Pour certaines décisions économiques complexes, il serait préférable de confier davantage de pouvoir à des institutions indépendantes composées d'experts plutôt qu'aux responsables politiques élus.	1	1	https://www.government.nl/site/binaries/site-content/collections/documents/2026/02/23/2026-2030-coalition-agreement-lets-get-to-work---building-a-better-netherlands/2026-2030-coalition-agreement-let%E2%80%99s-get-to-work-building-a-better-netherlands.pdf	Accord modéré : La coalition met l’accent sur coopération, compromis, État de droit et contrôle parlementaire de l’action publique. Pour Pays-Bas, sur Q72 (« Pour certaines décisions économiques complexes, il serait préférable de confier davantage de pouvoir à des institutions indépendantes composées… »), elle incline dans ce sens sans adopter toute la proposition : +1.	1313	0.0507	In order to establish more successful spin-outs from educational institutions, the aim is for Dutch knowledge institutions (including academic hospitals) to offer the best deal terms for startups in the entire Western world.	We will invest in the Custodial Institutions Agency and expand and improve cell capacity.	Here is what we aim to do: • We will provide stable and predictable funding to MBO and HBO institutions.
73	Institutions	Un gouvernement devrait pouvoir prendre une décision économiquement nécessaire mais très impopulaire sans chercher à obtenir l'approbation immédiate de la population.	1	1	https://www.government.nl/site/binaries/site-content/collections/documents/2026/02/23/2026-2030-coalition-agreement-lets-get-to-work---building-a-better-netherlands/2026-2030-coalition-agreement-let%E2%80%99s-get-to-work-building-a-better-netherlands.pdf	Accord modéré : La coalition met l’accent sur coopération, compromis, État de droit et contrôle parlementaire de l’action publique. Pour Pays-Bas, sur Q73 (« Un gouvernement devrait pouvoir prendre une décision économiquement nécessaire mais très impopulaire sans chercher à obtenir l'approbation immédiate de… »), elle incline dans ce sens sans adopter toute la proposition : +1.	1313	0.0967	What is more, the population of the Netherlands is ageing and the number of people unable to work due to sickness or disability is increasing.	That is why we will continue to pursue an approach involving regional labour markets and employment centres, in which parties such as municipalities, the Employee Insurance Agency (UWV) and social partners cooperate to offer differentiated and customised services aligned with the needs of the local labour market and population. • We will invest in lifelong learning.	
74	Institutions	Le référendum devrait être beaucoup plus utilisé, même lorsque les citoyens votent sur des sujets dont ils maîtrisent mal les aspects techniques.	-1	1	https://www.government.nl/site/binaries/site-content/collections/documents/2026/02/23/2026-2030-coalition-agreement-lets-get-to-work---building-a-better-netherlands/2026-2030-coalition-agreement-let%E2%80%99s-get-to-work-building-a-better-netherlands.pdf	Réserve modérée : La coalition met l’accent sur coopération, compromis, État de droit et contrôle parlementaire de l’action publique. Pour Pays-Bas, sur Q74 (« Le référendum devrait être beaucoup plus utilisé, même lorsque les citoyens votent sur des sujets dont ils maîtrisent mal les aspects techniques. »), elle incline plutôt en sens inverse sans constituer un rejet complet : -1.	1313	0.1027	The concession includes firm agreements on many aspects aimed at ensuring high-quality passenger rail services.	New discharge permits will be issued only under strict conditions and based on the best available techniques.	There will be extra attention for young farmers. • By investing in technological and social innovation and in sustainable fishing techniques, we will help make Dutch fisheries fit for the future.
75	Institutions	Il serait acceptable de donner davantage de poids politique aux citoyens qui démontrent un niveau élevé de connaissance du fonctionnement des institutions et de l'économie.	-2	1	https://www.government.nl/site/binaries/site-content/collections/documents/2026/02/23/2026-2030-coalition-agreement-lets-get-to-work---building-a-better-netherlands/2026-2030-coalition-agreement-let%E2%80%99s-get-to-work-building-a-better-netherlands.pdf	Désaccord net : La coalition met l’accent sur coopération, compromis, État de droit et contrôle parlementaire de l’action publique. Pour Pays-Bas, sur Q75 (« Il serait acceptable de donner davantage de poids politique aux citoyens qui démontrent un niveau élevé de connaissance du fonctionnement des… »), elle va clairement en sens inverse sans nécessairement rejeter chaque détail : -2.	1313	0.0734	We will establish a centralised, accessible reporting centre where victims can receive better help, for example with takedown requests and criminal complaints. • Actions that are illegal offline are not acceptable online either.	In order to establish more successful spin-outs from educational institutions, the aim is for Dutch knowledge institutions (including academic hospitals) to offer the best deal terms for startups in the entire Western world.	We will invest in the Custodial Institutions Agency and expand and improve cell capacity.
76	Institutions	Le président de la République devrait disposer de davantage de pouvoirs pour pouvoir mettre en œuvre un programme pendant cinq ans sans être constamment bloqué par le Parlement.	-2	3	https://www.government.nl/site/binaries/site-content/collections/documents/2026/02/23/2026-2030-coalition-agreement-lets-get-to-work---building-a-better-netherlands/2026-2030-coalition-agreement-let%E2%80%99s-get-to-work-building-a-better-netherlands.pdf	Désaccord net : La coalition met l’accent sur coopération, compromis, État de droit et contrôle parlementaire de l’action publique. Pour Pays-Bas, sur Q76 (« Le président de la République devrait disposer de davantage de pouvoirs pour pouvoir mettre en œuvre un programme pendant cinq ans sans être… »), elle va clairement en sens inverse sans nécessairement rejeter chaque détail : -2.	1313	0			
77	Institutions	La proportionnelle intégrale serait préférable au système actuel, même si elle rendait plus fréquentes les coalitions et les gouvernements instables.	3	3	https://www.government.nl/site/binaries/site-content/collections/documents/2026/02/23/2026-2030-coalition-agreement-lets-get-to-work---building-a-better-netherlands/2026-2030-coalition-agreement-let%E2%80%99s-get-to-work-building-a-better-netherlands.pdf	Accord très fort : La coalition met l’accent sur coopération, compromis, État de droit et contrôle parlementaire de l’action publique. Pour Pays-Bas, sur Q77 (« La proportionnelle intégrale serait préférable au système actuel, même si elle rendait plus fréquentes les coalitions et les gouvernements instables. »), cette orientation reprend presque entièrement le choix proposé : +3.	1313	0			
78	Immigration / assimilation	Le droit de séjour durable en France devrait dépendre, sauf impossibilité particulière, d’efforts concrets pour apprendre le français, comprendre les règles et usages du pays et participer à la vie collective.	3	3	https://www.government.nl/site/binaries/site-content/collections/documents/2026/02/23/2026-2030-coalition-agreement-lets-get-to-work---building-a-better-netherlands/2026-2030-coalition-agreement-let%E2%80%99s-get-to-work-building-a-better-netherlands.pdf	Accord très fort : L’accord de coalition veut mieux maîtriser les flux migratoires, accélérer procédures et retours, tout en organisant l’intégration et l’accès au travail des personnes admises à rester. Pour Pays-Bas, sur Q78 (« Le droit de séjour durable en France devrait dépendre, sauf impossibilité particulière, d’efforts concrets pour apprendre le français, comprendre les… »), cette orientation reprend presque entièrement le choix proposé : +3.	1313	0.0782	We must foster confidence that working, investing and doing business in the Netherlands pays.	We therefore consider it important to increase support for collective agreements and to modernise this instrument.	At the moment, it pays for hospitals to perform as many interventions as possible, regardless of whether patients benefit from them.
79	Immigration / délinquance	Les différences de délinquance observées s’expliquent davantage par les inégalités sociales et économiques que par la culture d’origine des personnes concernées.	1	1	https://www.government.nl/site/binaries/site-content/collections/documents/2026/02/23/2026-2030-coalition-agreement-lets-get-to-work---building-a-better-netherlands/2026-2030-coalition-agreement-let%E2%80%99s-get-to-work-building-a-better-netherlands.pdf	Accord modéré : L’accord de coalition veut mieux maîtriser les flux migratoires, accélérer procédures et retours, tout en organisant l’intégration et l’accès au travail des personnes admises à rester. Pour Pays-Bas, sur Q79 (« Les différences de délinquance observées s’expliquent davantage par les inégalités sociales et économiques que par la culture d’origine des personnes… »), elle incline dans ce sens sans adopter toute la proposition : +1.	1313	0.0835	Media and culture Press freedom and cultural freedom are both fundamental to a free democracy.	We will reduce the regulatory burden in the cultural sector. • We will foster culture and the arts – from world-class orchestras and museums to vibrant folk art and traditions.	In the past a great deal was achieved thanks to a culture of consultation and compromise, thanks to freedom and enterprise, as well as a social tradition of community spirit and taking responsibility.
81	Santé / accès aux soins	Dans les zones où l'accès aux soins est insuffisant, l'Assurance maladie devrait pouvoir limiter le conventionnement de nouveaux médecins dans les zones déjà bien dotées afin d'encourager leur installation dans les déserts médicaux.	1	1	https://www.government.nl/site/binaries/site-content/collections/documents/2026/02/23/2026-2030-coalition-agreement-lets-get-to-work---building-a-better-netherlands/2026-2030-coalition-agreement-let%E2%80%99s-get-to-work-building-a-better-netherlands.pdf	Accord modéré : Le programme combine protections collectives et services publics avec un recours encadré à des acteurs privés en santé, logement, éducation et dépendance. Pour Pays-Bas, sur Q81 (« Dans les zones où l'accès aux soins est insuffisant, l'Assurance maladie devrait pouvoir limiter le conventionnement de nouveaux médecins dans les… »), elle incline dans ce sens sans adopter toute la proposition : +1.	1313	0.0892	To this end we will designate areas of strategic importance around innovation clusters and pencil in sufficient space for business zones.	These zones and the accompanying goals and measures for the most sensitive areas will be determined by the summer, in consultation with the provincial authorities.	Municipalities that transform business zones or end their use as such will, in partnership with other municipalities, ensure that new space is made available for businesses.
83	Santé / hôpital	Il faut accepter de fermer ou regrouper certaines petites maternités et certains services d'urgence afin de concentrer les équipes et les équipements dans des établissements plus importants.	2	1	https://www.government.nl/site/binaries/site-content/collections/documents/2026/02/23/2026-2030-coalition-agreement-lets-get-to-work---building-a-better-netherlands/2026-2030-coalition-agreement-let%E2%80%99s-get-to-work-building-a-better-netherlands.pdf	Accord net : Le programme combine protections collectives et services publics avec un recours encadré à des acteurs privés en santé, logement, éducation et dépendance. Pour Pays-Bas, sur Q83 (« Il faut accepter de fermer ou regrouper certaines petites maternités et certains services d'urgence afin de concentrer les équipes et les équipements… »), elle va clairement dans ce sens sans établir nécessairement chaque condition ou conséquence de l’énoncé : +2.	1313	0.0575	We will therefore step up cooperation at European level in the area of intelligence and security services.	This contributes to economic growth, which is needed so that our public services can be paid for.	We are therefore working towards a rail and public transport network in which access to services is central.
84	Éducation / autonomie	Les chefs d'établissement scolaire devraient pouvoir recruter eux-même une partie de leurs enseignants et peser davantage dans leur évaluation.	2	3	https://www.government.nl/site/binaries/site-content/collections/documents/2026/02/23/2026-2030-coalition-agreement-lets-get-to-work---building-a-better-netherlands/2026-2030-coalition-agreement-let%E2%80%99s-get-to-work-building-a-better-netherlands.pdf	Accord net : Le programme combine protections collectives et services publics avec un recours encadré à des acteurs privés en santé, logement, éducation et dépendance. Pour Pays-Bas, sur Q84 (« Les chefs d'établissement scolaire devraient pouvoir recruter eux-même une partie de leurs enseignants et peser davantage dans leur évaluation. »), elle va clairement dans ce sens sans établir nécessairement chaque condition ou conséquence de l’énoncé : +2.	1313	0			
87	Défense / Ukraine	La France devrait continuer à fournir une aide militaire et financière importante à l'Ukraine tant que son territoire reste occupé, même si la guerre se prolonge.	3	3	https://www.government.nl/site/binaries/site-content/collections/documents/2026/02/23/2026-2030-coalition-agreement-lets-get-to-work---building-a-better-netherlands/2026-2030-coalition-agreement-let%E2%80%99s-get-to-work-building-a-better-netherlands.pdf	Accord très fort : L’accord de coalition Jetten confirme un soutien durable à l’Ukraine et veut renforcer la capacité européenne à financer et fournir son effort de défense. Pour Pays-Bas, sur Q87 (« La France devrait continuer à fournir une aide militaire et financière importante à l'Ukraine tant que son territoire reste occupé, même si la guerre… »), cette orientation reprend presque entièrement le choix proposé : +3.	1313	0.0829	Ukraine is on an irreversible path to EU and NATO membership.	We will strengthen our Defence organisation and support Ukraine The Netherlands and Europe must become resilient.	On Europe’s external border, Russia is waging a war of aggression against Ukraine.
88	Défense / dissuasion nucléaire	La dissuasion nucléaire française devrait aussi protéger les partenaires européens, tout en laissant à la France seule la décision finale de l'employer.	2	3	https://www.government.nl/site/binaries/site-content/collections/documents/2026/02/23/2026-2030-coalition-agreement-lets-get-to-work---building-a-better-netherlands/2026-2030-coalition-agreement-let%E2%80%99s-get-to-work-building-a-better-netherlands.pdf	Accord net : Les Pays-Bas participent à la dissuasion nucléaire de l’OTAN et soutiennent une Europe assumant davantage sa sécurité sans disposer d’une dissuasion nationale autonome. Pour Pays-Bas, sur Q88 (« La dissuasion nucléaire française devrait aussi protéger les partenaires européens, tout en laissant à la France seule la décision finale de l'employer. »), elle va clairement dans ce sens sans établir nécessairement chaque condition ou conséquence de l’énoncé : +2.	1313	0.0967	If no such facilities are available, the employer will be responsible for providing them.	The new system must also increase the attractiveness of being an employer. • We want to promote the work-to-work pathway as well.	On the other hand, we also see that continued payment of salary in the second year is an effective incentive for an employee’s reintegration with their own employer.
90	Dépendance / EHPAD	Les groupes privés à but lucratif ne devraient plus pouvoir gérer d'EHPAD. Les établissements existants devraient progressivement devenir publics ou non lucratifs.	-2	3	https://www.government.nl/site/binaries/site-content/collections/documents/2026/02/23/2026-2030-coalition-agreement-lets-get-to-work---building-a-better-netherlands/2026-2030-coalition-agreement-let%E2%80%99s-get-to-work-building-a-better-netherlands.pdf	Désaccord net : Le programme combine protections collectives et services publics avec un recours encadré à des acteurs privés en santé, logement, éducation et dépendance. Pour Pays-Bas, sur Q90 (« Les groupes privés à but lucratif ne devraient plus pouvoir gérer d'EHPAD. Les établissements existants devraient progressivement devenir publics ou… »), elle va clairement en sens inverse sans nécessairement rejeter chaque détail : -2.	1313	0.0617	Education and training will give more attention to non-hospital careers.	Strengthening our resilience against hybrid activities (including sabotage) by state and non-state actors. 2.	But we must also be realistic, because it is not a given.
91	Famille / prestations	Les allocations familiales devraient être versées à toutes les familles selon le nombre d'enfants, sans diminuer lorsque les revenus augmentent.	1	3	https://www.government.nl/site/binaries/site-content/collections/documents/2026/02/23/2026-2030-coalition-agreement-lets-get-to-work---building-a-better-netherlands/2026-2030-coalition-agreement-let%E2%80%99s-get-to-work-building-a-better-netherlands.pdf	Accord modéré : Le programme combine protections collectives et services publics avec un recours encadré à des acteurs privés en santé, logement, éducation et dépendance. Pour Pays-Bas, sur Q91 (« Les allocations familiales devraient être versées à toutes les familles selon le nombre d'enfants, sans diminuer lorsque les revenus augmentent. »), elle incline dans ce sens sans adopter toute la proposition : +1.	1313	0			
92	Numérique / mineurs	L'accès aux réseaux sociaux devrait être interdit aux moins de 15 ans, même avec l'accord de leurs parents.	3	3	https://www.government.nl/site/binaries/site-content/collections/documents/2026/02/23/2026-2030-coalition-agreement-lets-get-to-work---building-a-better-netherlands/2026-2030-coalition-agreement-let%E2%80%99s-get-to-work-building-a-better-netherlands.pdf	Accord très fort : La coalition D66–VVD–CDA défend l’État de droit, l’égalité des chances et les libertés individuelles, avec une attention à la cohésion et aux responsabilités communes. Pour Pays-Bas, sur Q92 (« L'accès aux réseaux sociaux devrait être interdit aux moins de 15 ans, même avec l'accord de leurs parents. »), cette orientation reprend presque entièrement le choix proposé : +3.	1313	0.1135	Parents will be given viewing advice for online channels.	This is primarily the task of parents and guardians, supported by ‘pedagogical civil society’.	A good work-life balance • We will carry on with the implementation of nearly-free childcare for working parents.
93	Numérique / intelligence artificielle	Les administrations publiques devraient privilégier des modèles d'intelligence artificielle hébergés en Europe, même s'ils sont temporairement moins performants ou plus coûteux que leurs concurrents étrangers.	2	3	https://www.government.nl/site/binaries/site-content/collections/documents/2026/02/23/2026-2030-coalition-agreement-lets-get-to-work---building-a-better-netherlands/2026-2030-coalition-agreement-let%E2%80%99s-get-to-work-building-a-better-netherlands.pdf	Accord net : Le programme combine protections collectives et services publics avec un recours encadré à des acteurs privés en santé, logement, éducation et dépendance. Pour Pays-Bas, sur Q93 (« Les administrations publiques devraient privilégier des modèles d'intelligence artificielle hébergés en Europe, même s'ils sont temporairement moins… »), elle va clairement dans ce sens sans établir nécessairement chaque condition ou conséquence de l’énoncé : +2.	1313	0.0957	Strengthening independent, unique intelligence capabilities, thus contributing to Europe’s strategic autonomy and making us less dependent on other countries.	Lastly, we will merge the supervisory authorities, to ensure comprehensive supervision with sufficient safeguards, including in terms of the rule of law. • We will expand the operational capabilities for intelligence investigations of the Defence Intelligence and Security Service (MIVD) and the General Intelligence and Security Service (AIVD), whereby the services can develop independent intelligence, thus contributing to Europe’s strategic autonomy. • We will enable the services to make maximum use of new technologies and anticipate what our adversaries are capable of, by ensuring those services have the best technical talent and the necessary technological capabilities, and by enhancing cooperation with innovative tech companies. • We will expand defensive and offensive cyber capabilities against threats from abroad, including through the development of active cyber defence measures.	AVT/AZ-260130-002 34 Europe and the world Europe We can only guarantee our peace and security if we work together with allies in Europe.
